activity,activity_order,age_group,age_group_order,participation_rate_pct,estimated_participants,source_cohort,rank_in_source_top10,has_full_age_profile_0to65,activity_age_label
Swimming,1,0-4,1,22.5,341597,Children and teens 0-17,1,Yes,Swimming (0-4)
Swimming,1,5-8,2,32.1,413022,Children and teens 0-17,1,Yes,Swimming (5-8)
Swimming,1,9-11,3,24.6,247751,Children and teens 0-17,1,Yes,Swimming (9-11)
Swimming,1,12-14,4,12.0,122006,Children and teens 0-17,1,Yes,Swimming (12-14)
Swimming,1,15-17,5,17.6,177777,Children and teens 0-17,1,Yes,Swimming (15-17)
Swimming,1,18-24,6,16.3,404911,Adults 18+,5,Yes,Swimming (18-24)
Swimming,1,25-34,7,16.6,674922,Adults 18+,5,Yes,Swimming (25-34)
Swimming,1,35-44,8,18.3,711006,Adults 18+,5,Yes,Swimming (35-44)
Swimming,1,45-54,9,16.7,556978,Adults 18+,5,Yes,Swimming (45-54)
Swimming,1,55-64,10,16.0,494315,Adults 18+,5,Yes,Swimming (55-64)
Swimming,1,65+,11,9.7,463563,Adults 18+,5,Yes,Swimming (65+)
Walking (Recreational),1,18-24,6,34.2,847416,Adults 18+,1,No,Walking (Recreational) (18-24)
Walking (Recreational),1,25-34,7,41.9,1703592,Adults 18+,1,No,Walking (Recreational) (25-34)
Walking (Recreational),1,35-44,8,47.5,1846165,Adults 18+,1,No,Walking (Recreational) (35-44)
Walking (Recreational),1,45-54,9,58.7,1960969,Adults 18+,1,No,Walking (Recreational) (45-54)
Walking (Recreational),1,55-64,10,66.0,2041184,Adults 18+,1,No,Walking (Recreational) (55-64)
Walking (Recreational),1,65+,11,55.8,2658020,Adults 18+,1,No,Walking (Recreational) (65+)
Fitness/Gym,2,18-24,6,43.4,1076583,Adults 18+,2,No,Fitness/Gym (18-24)
Fitness/Gym,2,25-34,7,42.1,1711890,Adults 18+,2,No,Fitness/Gym (25-34)
Fitness/Gym,2,35-44,8,36.4,1413027,Adults 18+,2,No,Fitness/Gym (35-44)
Fitness/Gym,2,45-54,9,32.9,1100531,Adults 18+,2,No,Fitness/Gym (45-54)
Fitness/Gym,2,55-64,10,29.5,912669,Adults 18+,2,No,Fitness/Gym (55-64)
Fitness/Gym,2,65+,11,23.7,1127691,Adults 18+,2,No,Fitness/Gym (65+)
Football/soccer,2,0-4,1,5.8,88815,Children and teens 0-17,2,Yes,Football/soccer (0-4)
Football/soccer,2,5-8,2,17.4,223769,Children and teens 0-17,2,Yes,Football/soccer (5-8)
Football/soccer,2,9-11,3,21.0,210866,Children and teens 0-17,2,Yes,Football/soccer (9-11)
Football/soccer,2,12-14,4,16.5,166847,Children and teens 0-17,2,Yes,Football/soccer (12-14)
Football/soccer,2,15-17,5,17.0,171713,Children and teens 0-17,2,Yes,Football/soccer (15-17)
Football/soccer,2,18-24,6,12.3,305475,Adults 18+,8,Yes,Football/soccer (18-24)
Football/soccer,2,25-34,7,9.4,380740,Adults 18+,8,Yes,Football/soccer (25-34)
Football/soccer,2,35-44,8,6.9,269541,Adults 18+,8,Yes,Football/soccer (35-44)
Football/soccer,2,45-54,9,3.3,109556,Adults 18+,8,Yes,Football/soccer (45-54)
Football/soccer,2,55-64,10,1.0,29506,Adults 18+,8,Yes,Football/soccer (55-64)
Football/soccer,2,65+,11,0.1,6496,Adults 18+,8,Yes,Football/soccer (65+)
Basketball,3,0-4,1,0.7,10075,Children and teens 0-17,3,No,Basketball (0-4)
Basketball,3,5-8,2,8.2,105636,Children and teens 0-17,3,No,Basketball (5-8)
Basketball,3,9-11,3,10.4,104818,Children and teens 0-17,3,No,Basketball (9-11)
Basketball,3,12-14,4,12.0,121198,Children and teens 0-17,3,No,Basketball (12-14)
Basketball,3,15-17,5,17.3,174376,Children and teens 0-17,3,No,Basketball (15-17)
Bush walking,3,18-24,6,17.3,429534,Adults 18+,3,No,Bush walking (18-24)
Bush walking,3,25-34,7,20.3,826183,Adults 18+,3,No,Bush walking (25-34)
Bush walking,3,35-44,8,21.4,832776,Adults 18+,3,No,Bush walking (35-44)
Bush walking,3,45-54,9,19.7,658178,Adults 18+,3,No,Bush walking (45-54)
Bush walking,3,55-64,10,19.5,604298,Adults 18+,3,No,Bush walking (55-64)
Bush walking,3,65+,11,9.6,455592,Adults 18+,3,No,Bush walking (65+)
Gymnastics,4,0-4,1,5.9,89681,Children and teens 0-17,4,No,Gymnastics (0-4)
Gymnastics,4,5-8,2,10.6,136466,Children and teens 0-17,4,No,Gymnastics (5-8)
Gymnastics,4,9-11,3,7.9,79574,Children and teens 0-17,4,No,Gymnastics (9-11)
Gymnastics,4,12-14,4,3.0,30711,Children and teens 0-17,4,No,Gymnastics (12-14)
Gymnastics,4,15-17,5,2.5,25228,Children and teens 0-17,4,No,Gymnastics (15-17)
Running/jogging,4,18-24,6,26.7,660527,Adults 18+,4,No,Running/jogging (18-24)
Running/jogging,4,25-34,7,27.7,1125805,Adults 18+,4,No,Running/jogging (25-34)
Running/jogging,4,35-44,8,20.9,809696,Adults 18+,4,No,Running/jogging (35-44)
Running/jogging,4,45-54,9,15.8,527176,Adults 18+,4,No,Running/jogging (45-54)
Running/jogging,4,55-64,10,8.5,261588,Adults 18+,4,No,Running/jogging (55-64)
Running/jogging,4,65+,11,1.8,87506,Adults 18+,4,No,Running/jogging (65+)
Australian football,5,0-4,1,1.3,19038,Children and teens 0-17,5,No,Australian football (0-4)
Australian football,5,5-8,2,8.5,109698,Children and teens 0-17,5,No,Australian football (5-8)
Australian football,5,9-11,3,7.5,74984,Children and teens 0-17,5,No,Australian football (9-11)
Australian football,5,12-14,4,7.9,79965,Children and teens 0-17,5,No,Australian football (12-14)
Australian football,5,15-17,5,6.0,60908,Children and teens 0-17,5,No,Australian football (15-17)
Cycling,6,18-24,6,5.6,138523,Adults 18+,6,No,Cycling (18-24)
Cycling,6,25-34,7,7.1,289821,Adults 18+,6,No,Cycling (25-34)
Cycling,6,35-44,8,9.3,359518,Adults 18+,6,No,Cycling (35-44)
Cycling,6,45-54,9,11.6,387336,Adults 18+,6,No,Cycling (45-54)
Cycling,6,55-64,10,12.0,369466,Adults 18+,6,No,Cycling (55-64)
Cycling,6,65+,11,5.6,265489,Adults 18+,6,No,Cycling (65+)
Dancing (recreational),6,0-4,1,4.1,62566,Children and teens 0-17,6,No,Dancing (recreational) (0-4)
Dancing (recreational),6,5-8,2,8.7,111361,Children and teens 0-17,6,No,Dancing (recreational) (5-8)
Dancing (recreational),6,9-11,3,5.5,55615,Children and teens 0-17,6,No,Dancing (recreational) (9-11)
Dancing (recreational),6,12-14,4,4.3,43867,Children and teens 0-17,6,No,Dancing (recreational) (12-14)
Dancing (recreational),6,15-17,5,2.6,26498,Children and teens 0-17,6,No,Dancing (recreational) (15-17)
Netball,7,0-4,1,0.3,4777,Children and teens 0-17,7,No,Netball (0-4)
Netball,7,5-8,2,3.6,46519,Children and teens 0-17,7,No,Netball (5-8)
Netball,7,9-11,3,8.3,83894,Children and teens 0-17,7,No,Netball (9-11)
Netball,7,12-14,4,10.3,104125,Children and teens 0-17,7,No,Netball (12-14)
Netball,7,15-17,5,8.1,82164,Children and teens 0-17,7,No,Netball (15-17)
Pilates,7,18-24,6,8.8,217009,Adults 18+,7,No,Pilates (18-24)
Pilates,7,25-34,7,11.0,448430,Adults 18+,7,No,Pilates (25-34)
Pilates,7,35-44,8,8.7,338305,Adults 18+,7,No,Pilates (35-44)
Pilates,7,45-54,9,7.1,238313,Adults 18+,7,No,Pilates (45-54)
Pilates,7,55-64,10,6.3,193472,Adults 18+,7,No,Pilates (55-64)
Pilates,7,65+,11,3.2,151963,Adults 18+,7,No,Pilates (65+)
Tennis,8,0-4,1,0.7,11067,Children and teens 0-17,8,Yes,Tennis (0-4)
Tennis,8,5-8,2,4.5,57518,Children and teens 0-17,8,Yes,Tennis (5-8)
Tennis,8,9-11,3,6.3,63469,Children and teens 0-17,8,Yes,Tennis (9-11)
Tennis,8,12-14,4,5.5,55436,Children and teens 0-17,8,Yes,Tennis (12-14)
Tennis,8,15-17,5,9.5,95372,Children and teens 0-17,8,Yes,Tennis (15-17)
Tennis,8,18-24,6,7.5,185484,Adults 18+,10,Yes,Tennis (18-24)
Tennis,8,25-34,7,6.5,263537,Adults 18+,10,Yes,Tennis (25-34)
Tennis,8,35-44,8,5.3,205044,Adults 18+,10,Yes,Tennis (35-44)
Tennis,8,45-54,9,5.3,176120,Adults 18+,10,Yes,Tennis (45-54)
Tennis,8,55-64,10,3.3,101658,Adults 18+,10,Yes,Tennis (55-64)
Tennis,8,65+,11,1.9,91192,Adults 18+,10,Yes,Tennis (65+)
Cricket,9,0-4,1,0.6,8790,Children and teens 0-17,9,No,Cricket (0-4)
Cricket,9,5-8,2,3.5,44434,Children and teens 0-17,9,No,Cricket (5-8)
Cricket,9,9-11,3,5.4,54231,Children and teens 0-17,9,No,Cricket (9-11)
Cricket,9,12-14,4,5.5,55726,Children and teens 0-17,9,No,Cricket (12-14)
Cricket,9,15-17,5,8.4,85087,Children and teens 0-17,9,No,Cricket (15-17)
Yoga,9,18-24,6,3.6,89360,Adults 18+,9,No,Yoga (18-24)
Yoga,9,25-34,7,6.4,261525,Adults 18+,9,No,Yoga (25-34)
Yoga,9,35-44,8,6.3,243997,Adults 18+,9,No,Yoga (35-44)
Yoga,9,45-54,9,6.1,204092,Adults 18+,9,No,Yoga (45-54)
Yoga,9,55-64,10,5.6,172134,Adults 18+,9,No,Yoga (55-64)
Yoga,9,65+,11,3.2,150682,Adults 18+,9,No,Yoga (65+)
"Athletics, track and field",10,0-4,1,1.2,17498,Children and teens 0-17,10,No,"Athletics, track and field (0-4)"
"Athletics, track and field",10,5-8,2,3.6,46628,Children and teens 0-17,10,No,"Athletics, track and field (5-8)"
"Athletics, track and field",10,9-11,3,4.4,44346,Children and teens 0-17,10,No,"Athletics, track and field (9-11)"
"Athletics, track and field",10,12-14,4,4.8,48341,Children and teens 0-17,10,No,"Athletics, track and field (12-14)"
"Athletics, track and field",10,15-17,5,5.8,58056,Children and teens 0-17,10,No,"Athletics, track and field (15-17)"
